id,first_name,last_name,email,gender,ip_address
1,Marji,Bellson,mbellson0@skype.com,Female,164.225.24.123
2,Vicki,Ranahan,vranahan1@google.ca,Male,105.163.123.33
3,Tomkin,Tivnan,ttivnan2@blogspot.com,Male,240.204.115.196
4,Ringo,Almon,ralmon3@dyndns.org,Male,194.93.114.209
5,Adrianna,Eidler,aeidler4@parallels.com,Female,149.161.60.250
6,Brandice,Ruben,bruben5@ehow.com,Male,36.219.122.177
7,Cy,Palser,cpalser6@123-reg.co.uk,Female,75.146.177.224
8,Auria,Lanktree,alanktree7@geocities.com,Genderqueer,76.89.19.18
9,Tobias,Dancy,tdancy8@fema.gov,Male,190.234.131.141
10,Leia,Lodwick,llodwick9@skype.com,Male,113.199.77.219
11,Fraser,Hamson,fhamsona@ezinearticles.com,Female,199.89.148.157
12,Mignonne,Kolodziej,mkolodziejb@cbc.ca,Male,158.20.55.108
13,Darell,Belison,dbelisonc@fotki.com,Male,132.230.240.127
14,Tybalt,Beddoe,tbeddoed@hibu.com,Female,1.94.81.173
15,Prentiss,Farlam,pfarlame@freewebs.com,Female,180.28.135.55
16,Francisco,Denisyev,fdenisyevf@yale.edu,Female,164.240.82.205
17,Isador,Blakesley,iblakesleyg@guardian.co.uk,Female,86.31.2.1
18,Blayne,Epgrave,bepgraveh@liveinternet.ru,Female,228.55.13.106
19,Kania,Gerty,kgertyi@com.com,Male,155.204.157.224
20,Cassie,Frackiewicz,cfrackiewiczj@webnode.com,Female,157.20.119.110
21,Nobie,Vasilyonok,nvasilyonokk@nhs.uk,Male,122.83.117.115
22,Greer,Ellaman,gellamanl@economist.com,Bigender,118.124.2.11
23,Lenci,Cantillon,lcantillonm@reference.com,Polygender,17.182.9.119
24,Ricard,Dunphie,rdunphien@topsy.com,Male,65.14.4.15
25,Nicolai,Radbourn,nradbourno@forbes.com,Female,217.14.76.162
26,Jorie,Eyres,jeyresp@myspace.com,Female,180.80.31.140
27,Hollie,Camous,hcamousq@live.com,Female,162.39.117.131
28,Dee dee,Bielfelt,dbielfeltr@columbia.edu,Agender,200.107.160.172
29,Pollyanna,Rackam,prackams@ibm.com,Male,185.129.82.103
30,Violante,Canty,vcantyt@themeforest.net,Male,249.197.177.195
31,Hakeem,Chaperling,hchaperlingu@washington.edu,Female,248.237.113.205
32,Carin,Lawey,claweyv@nature.com,Genderqueer,97.208.128.242
33,Jamie,Edwicke,jedwickew@hud.gov,Female,253.2.195.179
34,Ardelia,Niven,anivenx@alexa.com,Polygender,84.178.126.177
35,Paulie,Duddle,pduddley@salon.com,Male,246.7.249.167
36,Javier,Sproston,jsprostonz@mediafire.com,Male,96.200.44.143
37,Merry,Mersh,mmersh10@mozilla.com,Male,7.154.146.182
38,Langston,Neligan,lneligan11@hatena.ne.jp,Female,177.11.122.21
39,Anselm,Zielinski,azielinski12@examiner.com,Male,59.15.244.13
40,Ashley,Gerhts,agerhts13@state.gov,Female,178.13.217.4
41,Amargo,Blease,ablease14@etsy.com,Male,253.214.245.212
42,Theodora,Langabeer,tlangabeer15@bigcartel.com,Male,78.109.105.11
43,Janaya,Alkins,jalkins16@alexa.com,Male,142.103.49.74
44,Janka,Southey,jsouthey17@howstuffworks.com,Male,164.201.108.192
45,Spense,Mallinson,smallinson18@aboutads.info,Female,209.35.131.96
46,Orin,Bleier,obleier19@telegraph.co.uk,Female,70.75.185.149
47,Eustacia,Raffels,eraffels1a@salon.com,Male,94.208.108.185
48,Pepi,Kellitt,pkellitt1b@ow.ly,Male,212.98.208.65
49,Audrie,Pretti,apretti1c@oracle.com,Female,31.149.85.153
50,Inge,Sexti,isexti1d@lulu.com,Agender,169.42.64.198
51,Jammal,Abbatucci,jabbatucci1e@histats.com,Male,68.8.248.226
52,Court,Malster,cmalster1f@forbes.com,Female,181.126.159.251
53,Chloris,Tyson,ctyson1g@twitter.com,Female,243.17.81.108
54,Irvin,Swatland,iswatland1h@ameblo.jp,Male,246.30.57.238
55,Pauli,Cripin,pcripin1i@flickr.com,Genderqueer,225.122.30.163
56,Ebeneser,Hinstridge,ehinstridge1j@mlb.com,Female,228.191.75.143
57,Angelia,Taffee,ataffee1k@state.gov,Agender,27.208.107.121
58,Joey,Coverlyn,jcoverlyn1l@chicagotribune.com,Female,242.46.25.124
59,Alejandra,Jaskowicz,ajaskowicz1m@joomla.org,Female,62.238.15.190
60,Olimpia,Aireton,oaireton1n@ameblo.jp,Genderfluid,112.68.75.36
61,Gail,Wegner,gwegner1o@phpbb.com,Female,76.77.221.27
62,Cecile,Jakolevitch,cjakolevitch1p@macromedia.com,Female,29.178.106.202
63,Layla,Dawidman,ldawidman1q@acquirethisname.com,Agender,147.3.244.64
64,Marty,Hrus,mhrus1r@cdc.gov,Female,93.46.10.8
65,Lorrin,Klemps,lklemps1s@pcworld.com,Female,230.240.100.49
66,Charlene,Eslinger,ceslinger1t@bloomberg.com,Female,49.221.194.137
67,Carline,Bandt,cbandt1u@delicious.com,Male,43.1.0.118
68,Martha,Firidolfi,mfiridolfi1v@goo.gl,Female,147.110.61.9
69,Angelita,Vernon,avernon1w@sphinn.com,Male,14.78.134.77
70,Mireille,Kahler,mkahler1x@de.vu,Male,110.161.161.15
71,Margit,Dartan,mdartan1y@usnews.com,Agender,21.144.14.16
72,Hailey,Pickford,hpickford1z@vimeo.com,Female,212.65.110.190
73,Francine,Troucher,ftroucher20@narod.ru,Non-binary,113.156.179.70
74,Jaimie,Aizic,jaizic21@miitbeian.gov.cn,Male,161.19.241.39
75,Lorrin,Fieldhouse,lfieldhouse22@ibm.com,Agender,148.20.203.148
76,Camey,Shipsey,cshipsey23@cyberchimps.com,Male,93.222.150.45
77,Gran,Caple,gcaple24@usa.gov,Female,185.52.11.185
78,Glendon,Bowell,gbowell25@bluehost.com,Female,19.204.175.147
79,Stephanus,Timby,stimby26@t-online.de,Female,210.23.1.115
80,Jillane,Cubberley,jcubberley27@princeton.edu,Non-binary,165.173.144.162
81,Belva,Gillooly,bgillooly28@adobe.com,Female,12.161.78.144
82,Lanni,Theuff,ltheuff29@netscape.com,Female,172.40.110.80
83,Marcelline,Cholton,mcholton2a@nyu.edu,Agender,218.184.47.146
84,Hamlin,Larman,hlarman2b@diigo.com,Female,155.95.30.171
85,Rollin,Pavett,rpavett2c@multiply.com,Non-binary,101.234.111.0
86,Hunt,Abramow,habramow2d@flavors.me,Male,97.218.201.189
87,Erasmus,Mathan,emathan2e@examiner.com,Male,41.51.59.46
88,Orin,Wedderburn,owedderburn2f@hud.gov,Female,71.120.179.61
89,Othella,Shakesby,oshakesby2g@constantcontact.com,Male,190.98.181.250
90,Iormina,Buten,ibuten2h@bbb.org,Female,123.115.248.158
91,Jenn,Kubiak,jkubiak2i@reddit.com,Female,135.63.238.66
92,Boycie,Sonnenschein,bsonnenschein2j@phpbb.com,Male,16.191.52.254
93,Lebbie,Fooks,lfooks2k@pbs.org,Male,210.137.242.147
94,Basilio,Ross,bross2l@indiatimes.com,Male,25.76.240.8
95,Fredra,Dunthorn,fdunthorn2m@reference.com,Female,217.249.241.248
96,Patten,Awton,pawton2n@stanford.edu,Female,122.126.151.127
97,Devan,Constantinou,dconstantinou2o@unesco.org,Female,182.179.150.26
98,Elita,McGeagh,emcgeagh2p@engadget.com,Female,103.90.102.44
99,Florella,Scrivner,fscrivner2q@gmpg.org,Genderqueer,19.73.125.10
100,Raimund,Sherville,rsherville2r@a8.net,Male,151.230.94.170
101,Lincoln,O'Keevan,lokeevan2s@psu.edu,Male,241.205.226.155
102,Wini,Merricks,wmerricks2t@mashable.com,Male,211.178.1.255
103,Cody,Scarlin,cscarlin2u@nationalgeographic.com,Female,181.37.4.133
104,Stevena,Mose,smose2v@gnu.org,Male,163.98.19.107
105,Leonore,Young,lyoung2w@hexun.com,Female,56.26.251.177
106,Miller,Lassey,mlassey2x@webmd.com,Female,118.243.128.60
107,Vonni,Trowler,vtrowler2y@auda.org.au,Female,23.7.213.131
108,Roger,Rumford,rrumford2z@hatena.ne.jp,Male,33.216.181.155
109,Florence,Stoodale,fstoodale30@etsy.com,Male,18.43.196.183
110,Britt,Melato,bmelato31@shop-pro.jp,Female,47.4.70.169
111,Kevin,Oldaker,koldaker32@ifeng.com,Male,159.158.210.209
112,Abel,Bathowe,abathowe33@sitemeter.com,Male,121.87.233.196
113,Dianemarie,Shingfield,dshingfield34@google.ru,Male,201.173.216.249
114,Jessalin,Wisam,jwisam35@yellowbook.com,Polygender,196.97.98.237
115,Charissa,Di Biaggi,cdibiaggi36@uol.com.br,Male,24.105.220.161
116,Gladys,Cordoba,gcordoba37@disqus.com,Male,232.39.248.193
117,Sharl,Swatman,sswatman38@stanford.edu,Female,15.57.4.113
118,Dario,Olech,dolech39@simplemachines.org,Male,91.240.141.13
119,Shara,Rivaland,srivaland3a@tinyurl.com,Male,188.72.17.155
120,Perkin,Janz,pjanz3b@cnn.com,Female,10.65.230.96
121,David,Diggar,ddiggar3c@xinhuanet.com,Male,10.228.59.252
122,Alwin,Elger,aelger3d@freewebs.com,Female,55.96.121.86
123,Fanni,Savin,fsavin3e@studiopress.com,Female,235.9.134.210
124,Kellyann,Stockhill,kstockhill3f@ihg.com,Genderqueer,155.74.49.197
125,Cloris,Andrew,candrew3g@ehow.com,Agender,51.125.243.145
126,Rollins,Layton,rlayton3h@slideshare.net,Polygender,147.75.173.213
127,Kerri,Joannic,kjoannic3i@blogspot.com,Male,141.182.136.19
128,Thebault,Gladman,tgladman3j@discuz.net,Male,118.205.221.101
129,Frannie,Reddle,freddle3k@webmd.com,Male,111.111.186.182
130,Skipper,Bartlam,sbartlam3l@arizona.edu,Male,104.73.43.194
131,Ritchie,Wimp,rwimp3m@theglobeandmail.com,Male,49.4.156.245
132,Belvia,Frostdicke,bfrostdicke3n@rediff.com,Female,4.134.149.236
133,Burty,Penzer,bpenzer3o@virginia.edu,Female,1.37.119.72
134,Dianemarie,Menelaws,dmenelaws3p@fc2.com,Female,62.252.236.42
135,Andriette,Camsey,acamsey3q@tumblr.com,Female,150.125.190.45
136,Derek,Newton,dnewton3r@youtube.com,Male,108.228.20.241
137,Berte,Ehrat,behrat3s@time.com,Female,122.220.233.75
138,Angel,Waycott,awaycott3t@edublogs.org,Female,34.62.96.238
139,Chico,Axon,caxon3u@icq.com,Female,56.178.189.182
140,Felisha,Alcock,falcock3v@jimdo.com,Female,153.203.12.112
141,Ivar,Schuh,ischuh3w@yahoo.com,Male,151.212.188.83
142,Bibbye,Diggins,bdiggins3x@posterous.com,Male,225.194.71.174
143,Floyd,Allington,fallington3y@paypal.com,Female,189.150.236.101
144,Max,Shyre,mshyre3z@xinhuanet.com,Female,234.130.130.80
145,Estevan,Scarsbrick,escarsbrick40@blinklist.com,Bigender,40.231.237.5
146,Morissa,Berzons,mberzons41@mozilla.org,Male,66.94.180.81
147,Norby,Reany,nreany42@woothemes.com,Non-binary,188.1.33.170
148,Jonathon,Kemitt,jkemitt43@ibm.com,Male,211.225.182.193
149,Sisile,Bisseker,sbisseker44@wordpress.org,Male,162.206.108.134
150,Rhona,Mauditt,rmauditt45@elegantthemes.com,Female,116.100.65.245
151,Geordie,Vasilenko,gvasilenko46@w3.org,Male,86.92.195.31
152,Meris,Smedley,msmedley47@spiegel.de,Female,230.104.66.112
153,Edgardo,Clempton,eclempton48@mediafire.com,Male,19.239.210.8
154,Tallulah,Dell Casa,tdellcasa49@paypal.com,Male,156.120.156.86
155,Zak,Dellow,zdellow4a@acquirethisname.com,Female,59.201.239.65
156,Gerard,Roelofsen,groelofsen4b@arstechnica.com,Male,70.17.253.83
157,Rycca,Viger,rviger4c@dell.com,Female,12.149.128.207
158,Lainey,Mauchline,lmauchline4d@google.com.hk,Male,4.16.191.160
159,Paolina,Bittany,pbittany4e@wikispaces.com,Male,72.151.187.50
160,Daffy,Worlidge,dworlidge4f@163.com,Female,56.191.184.254
161,Edie,Cordeau,ecordeau4g@tripadvisor.com,Male,140.200.190.54
162,Archibald,Steinson,asteinson4h@friendfeed.com,Polygender,101.24.46.35
163,Janka,Oxbrow,joxbrow4i@a8.net,Female,128.169.251.102
164,Alvis,Nazair,anazair4j@nydailynews.com,Male,211.224.90.221
165,Diana,Jickles,djickles4k@jugem.jp,Female,183.136.120.97
166,Padget,Lowndes,plowndes4l@behance.net,Male,205.88.222.112
167,Emilia,Foddy,efoddy4m@google.fr,Male,210.176.220.177
168,Jory,Goodman,jgoodman4n@gmpg.org,Male,87.222.166.246
169,Tess,Berthomier,tberthomier4o@imdb.com,Female,28.208.183.226
170,Farrel,Matzaitis,fmatzaitis4p@ucla.edu,Female,124.139.250.28
171,Ellynn,Frood,efrood4q@cornell.edu,Male,58.6.148.179
172,Darsie,Christol,dchristol4r@typepad.com,Male,135.117.100.9
173,Amby,Ruddick,aruddick4s@google.fr,Female,53.123.134.142
174,Janessa,Sackler,jsackler4t@feedburner.com,Male,235.205.230.192
175,Nicolas,Corkill,ncorkill4u@slashdot.org,Bigender,137.71.49.74
176,Hillel,Braxton,hbraxton4v@over-blog.com,Female,0.27.205.141
177,Ginni,Gallie,ggallie4w@google.es,Female,133.144.86.57
178,Charmion,Sanney,csanney4x@baidu.com,Male,100.208.64.233
179,Rois,Dybald,rdybald4y@bandcamp.com,Male,157.87.186.33
180,Chantalle,Ferens,cferens4z@mapy.cz,Female,145.171.152.218
181,Merle,Metson,mmetson50@i2i.jp,Female,50.109.192.85
182,Carr,Wolfenden,cwolfenden51@e-recht24.de,Male,76.189.85.119
183,Con,Covely,ccovely52@chicagotribune.com,Female,200.52.43.120
184,Tracie,Van der Kruis,tvanderkruis53@netvibes.com,Female,91.211.229.175
185,Bartholomeus,Watting,bwatting54@arstechnica.com,Male,99.60.143.46
186,Gipsy,Nials,gnials55@foxnews.com,Male,118.184.134.209
187,Wynny,Sibbet,wsibbet56@usa.gov,Female,81.89.208.62
188,Abbi,Mecco,amecco57@drupal.org,Male,148.223.181.10
189,Christy,Heining,cheining58@google.co.uk,Male,42.227.216.38
190,Dionisio,Fawdry,dfawdry59@chron.com,Female,159.149.177.104
191,Benita,Packington,bpackington5a@tuttocitta.it,Male,43.78.214.73
192,Aymer,Barthram,abarthram5b@home.pl,Male,145.90.229.245
193,Marguerite,Izacenko,mizacenko5c@cdbaby.com,Male,163.233.208.113
194,Sarene,Stevenson,sstevenson5d@cam.ac.uk,Male,217.213.135.76
195,Cobby,Graith,cgraith5e@webmd.com,Female,118.116.57.240
196,Leroy,Sherringham,lsherringham5f@japanpost.jp,Female,253.72.94.57
197,Ronny,Lucks,rlucks5g@stumbleupon.com,Male,165.174.98.196
198,Flory,Catherall,fcatherall5h@sohu.com,Female,228.83.172.141
199,Shell,Cantor,scantor5i@hatena.ne.jp,Female,44.37.40.170
200,Willy,Nappin,wnappin5j@people.com.cn,Female,53.119.61.163
201,Jorey,Laidler,jlaidler5k@apache.org,Agender,74.231.91.63
202,Gerick,Wride,gwride5l@marketwatch.com,Male,195.45.216.16
203,Cathyleen,Mongin,cmongin5m@icq.com,Non-binary,224.52.153.148
204,Humphrey,Poynor,hpoynor5n@yahoo.co.jp,Male,107.20.221.49
205,Bette,Giroldi,bgiroldi5o@bluehost.com,Male,48.17.132.178
206,Taber,Francais,tfrancais5p@census.gov,Female,235.208.220.57
207,Mozes,Middler,mmiddler5q@va.gov,Female,214.157.220.159
208,Ray,Boughtwood,rboughtwood5r@answers.com,Female,180.216.180.148
209,Sherri,Lethabridge,slethabridge5s@1688.com,Polygender,98.223.243.85
210,Ariana,Theakston,atheakston5t@ox.ac.uk,Male,62.166.101.120
211,Hobard,Faulds,hfaulds5u@cnbc.com,Male,192.67.3.11
212,Gideon,Moses,gmoses5v@narod.ru,Genderfluid,19.143.149.194
213,Nahum,Scutter,nscutter5w@ehow.com,Female,63.79.115.247
214,Cosmo,Boyfield,cboyfield5x@imageshack.us,Female,141.235.64.202
215,Darcee,Mullin,dmullin5y@unicef.org,Bigender,161.123.142.103
216,Nathanial,Kent,nkent5z@goo.ne.jp,Female,113.69.100.162
217,Malvin,Quinby,mquinby60@typepad.com,Female,0.166.176.81
218,Brooks,Dunthorne,bdunthorne61@dyndns.org,Male,103.186.159.111
219,Robyn,Simonich,rsimonich62@netscape.com,Male,233.91.72.183
220,Erminia,Woolfall,ewoolfall63@hud.gov,Female,15.78.5.3
221,Nydia,Bowcher,nbowcher64@thetimes.co.uk,Bigender,55.236.146.143
222,Hagen,Champain,hchampain65@icq.com,Male,17.155.92.134
223,Darryl,Olivello,dolivello66@hud.gov,Male,226.111.191.206
224,Gerick,Povey,gpovey67@meetup.com,Female,118.151.107.18
225,Tomasine,Sproat,tsproat68@nature.com,Male,174.105.146.125
226,Woody,Elce,welce69@soundcloud.com,Male,83.55.71.252
227,Issi,Klageman,iklageman6a@blogtalkradio.com,Female,138.109.195.163
228,Karlis,Valentin,kvalentin6b@hao123.com,Male,2.236.110.47
229,Tobit,Matyashev,tmatyashev6c@china.com.cn,Male,27.245.20.176
230,Archer,Airlie,aairlie6d@jalbum.net,Male,4.64.224.44
231,Judi,Clapp,jclapp6e@blogs.com,Male,102.192.73.91
232,Kylie,Cowgill,kcowgill6f@dailymail.co.uk,Male,229.171.101.230
233,Jourdain,Lusk,jlusk6g@cpanel.net,Male,240.253.175.54
234,Davie,Paulino,dpaulino6h@europa.eu,Male,102.25.214.192
235,Wilma,Croft,wcroft6i@imgur.com,Male,136.127.201.167
236,Cyrus,Fattore,cfattore6j@hud.gov,Female,148.232.169.107
237,Don,Ingleton,dingleton6k@parallels.com,Female,91.138.196.203
238,Bunni,Minghetti,bminghetti6l@bigcartel.com,Female,194.114.92.73
239,Munmro,Hryniewicki,mhryniewicki6m@yandex.ru,Female,230.81.163.126
240,Berke,Sponton,bsponton6n@google.com.hk,Female,134.100.219.15
241,Ellissa,Irvin,eirvin6o@adobe.com,Female,70.184.40.119
242,Lenka,Gilgryst,lgilgryst6p@netvibes.com,Male,159.193.16.211
243,Lucienne,Gostage,lgostage6q@surveymonkey.com,Male,201.52.224.19
244,Hanna,Goodbarne,hgoodbarne6r@google.de,Male,0.180.23.20
245,Tod,Smale,tsmale6s@walmart.com,Male,42.13.125.249
246,Charo,Scrigmour,cscrigmour6t@comsenz.com,Agender,207.224.116.30
247,Rozina,Seddon,rseddon6u@e-recht24.de,Male,207.252.240.100
248,Winna,Widdowfield,wwiddowfield6v@angelfire.com,Female,134.92.170.186
249,Selene,Bloan,sbloan6w@mozilla.org,Male,201.242.185.163
250,Carrie,Farland,cfarland6x@npr.org,Male,83.125.228.38
251,Jayson,Backler,jbackler6y@cloudflare.com,Female,10.170.118.131
252,Jerrie,Sandy,jsandy6z@theglobeandmail.com,Male,216.208.50.207
253,Pamelina,Ivashinnikov,pivashinnikov70@hud.gov,Male,175.123.243.92
254,Prescott,Hoofe,phoofe71@illinois.edu,Female,67.82.228.22
255,Celie,Stephens,cstephens72@cbslocal.com,Male,229.185.110.111
256,Redd,Stuckes,rstuckes73@unicef.org,Male,124.213.151.231
257,Leonerd,Boreland,lboreland74@globo.com,Female,123.135.66.22
258,Gardener,Bambridge,gbambridge75@ucla.edu,Female,59.19.87.174
259,Margette,Leal,mleal76@ezinearticles.com,Female,23.215.73.132
260,Florrie,Yurasov,fyurasov77@mail.ru,Female,66.209.125.170
261,Michel,Letherbury,mletherbury78@dailymotion.com,Female,122.58.60.19
262,Darcie,McClory,dmcclory79@blogtalkradio.com,Agender,217.73.104.112
263,Larissa,Eva,leva7a@chron.com,Male,78.191.44.137
264,Ester,Kavanagh,ekavanagh7b@ca.gov,Male,219.157.177.42
265,Odille,Meiklam,omeiklam7c@dropbox.com,Female,228.66.48.155
266,Margie,McDirmid,mmcdirmid7d@booking.com,Female,129.32.135.148
267,Prince,Salerg,psalerg7e@answers.com,Male,91.84.99.115
268,Des,Ridgwell,dridgwell7f@theatlantic.com,Female,126.4.70.216
269,Pearl,Serrier,pserrier7g@globo.com,Female,45.192.127.7
270,Jerrine,Worrill,jworrill7h@wufoo.com,Female,183.134.204.118
271,Page,Corday,pcorday7i@mozilla.org,Female,197.159.165.104
272,Pippo,Beadnall,pbeadnall7j@cisco.com,Male,35.53.22.2
273,Aubree,Perrie,aperrie7k@macromedia.com,Male,210.228.182.159
274,Lukas,Torrie,ltorrie7l@acquirethisname.com,Genderfluid,37.89.107.99
275,Vite,Baselio,vbaselio7m@drupal.org,Female,14.67.157.106
276,Bearnard,Dowles,bdowles7n@webnode.com,Female,164.119.211.217
277,Annalise,Varian,avarian7o@irs.gov,Female,28.25.17.56
278,Kirbie,Freckelton,kfreckelton7p@springer.com,Male,199.83.245.172
279,Candis,Davidek,cdavidek7q@liveinternet.ru,Male,63.132.197.230
280,Heywood,Maher,hmaher7r@reference.com,Male,181.133.127.1
281,Alvina,Gernier,agernier7s@timesonline.co.uk,Male,89.232.222.9
282,Lionel,Saxelby,lsaxelby7t@aol.com,Female,132.203.205.115
283,Ephraim,Cawthery,ecawthery7u@youtu.be,Male,234.178.128.143
284,Murray,Fyers,mfyers7v@gizmodo.com,Male,35.242.8.118
285,Camey,BoHlingolsen,cbohlingolsen7w@disqus.com,Male,145.120.52.172
286,Alecia,Gossop,agossop7x@princeton.edu,Female,99.204.173.160
287,Washington,Quittonden,wquittonden7y@51.la,Male,43.212.181.77
288,Fifine,Swayte,fswayte7z@plala.or.jp,Female,126.19.119.52
289,Lela,Gibbe,lgibbe80@t.co,Female,178.198.180.79
290,Lorrie,Josupeit,ljosupeit81@cbslocal.com,Female,25.37.236.166
291,Nataniel,Wallworth,nwallworth82@foxnews.com,Female,212.63.18.228
292,Adrian,Ebertz,aebertz83@sun.com,Male,57.48.31.27
293,Adan,Weerdenburg,aweerdenburg84@addtoany.com,Genderqueer,170.181.12.241
294,Sheree,Scatchard,sscatchard85@scribd.com,Genderfluid,33.115.0.205
295,Moira,Petrina,mpetrina86@unblog.fr,Female,171.248.113.76
296,Cyrill,Colnett,ccolnett87@utexas.edu,Agender,134.172.0.240
297,Nanete,Battrick,nbattrick88@virginia.edu,Female,145.187.16.70
298,Mirabella,de la Tremoille,mdelatremoille89@wikimedia.org,Male,203.175.21.85
299,Myranda,Bisatt,mbisatt8a@flavors.me,Female,133.133.114.120
300,Latia,Harder,lharder8b@umich.edu,Male,54.35.23.247
301,Shaun,Dominico,sdominico8c@elegantthemes.com,Female,107.0.5.226
302,Burgess,McVanamy,bmcvanamy8d@telegraph.co.uk,Female,1.92.46.124
303,Delinda,Balden,dbalden8e@soup.io,Female,124.19.255.174
304,Shelton,Antonutti,santonutti8f@unc.edu,Polygender,123.28.201.107
305,Englebert,Stainfield,estainfield8g@intel.com,Male,161.161.98.138
306,Laureen,Ravenhill,lravenhill8h@delicious.com,Female,180.68.158.181
307,Branden,Wallbanks,bwallbanks8i@posterous.com,Male,150.144.80.55
308,Frieda,Hedling,fhedling8j@businessinsider.com,Male,39.95.208.212
309,Coralyn,Bladesmith,cbladesmith8k@pen.io,Female,30.215.13.44
310,Manfred,Pudner,mpudner8l@elpais.com,Male,40.4.23.40
311,Sawyer,Cardello,scardello8m@soup.io,Female,58.192.43.99
312,Sheffield,Leggin,sleggin8n@wikispaces.com,Female,20.226.0.148
313,Humfrey,Causby,hcausby8o@de.vu,Male,0.39.232.53
314,Aylmer,Sprosson,asprosson8p@upenn.edu,Male,18.149.255.97
315,Danielle,Gilli,dgilli8q@dyndns.org,Female,5.47.48.120
316,Gamaliel,Swinn,gswinn8r@barnesandnoble.com,Male,229.75.221.88
317,Sloan,Darlow,sdarlow8s@yahoo.com,Female,253.120.107.150
318,Giff,Croson,gcroson8t@exblog.jp,Female,34.81.134.163
319,Dav,Orta,dorta8u@hp.com,Male,177.194.25.133
320,Lynn,Goodboddy,lgoodboddy8v@nytimes.com,Male,69.145.217.155
321,Vonnie,Durran,vdurran8w@amazon.co.jp,Male,223.41.209.137
322,Jayme,Hairsnape,jhairsnape8x@scribd.com,Female,45.97.187.228
323,Jany,Bramont,jbramont8y@ucsd.edu,Male,65.112.66.39
324,Colin,Gresch,cgresch8z@redcross.org,Male,34.199.197.34
325,Devi,Cammack,dcammack90@mtv.com,Female,172.155.138.132
326,Desiree,Geram,dgeram91@netvibes.com,Female,193.43.167.255
327,Bartlet,Faber,bfaber92@fc2.com,Female,90.129.150.154
328,Gamaliel,MacRedmond,gmacredmond93@discuz.net,Male,184.56.109.229
329,Consuela,Piddlehinton,cpiddlehinton94@earthlink.net,Female,246.127.127.174
330,Les,Bysshe,lbysshe95@google.pl,Female,10.41.183.35
331,Evie,Gandar,egandar96@xrea.com,Male,106.153.221.102
332,Lonee,Souch,lsouch97@berkeley.edu,Genderqueer,136.85.195.213
333,Bennett,Brotherick,bbrotherick98@cisco.com,Female,176.47.187.212
334,Nils,Jeanes,njeanes99@ox.ac.uk,Male,205.139.154.27
335,Robbi,Pim,rpim9a@quantcast.com,Genderqueer,237.176.161.222
336,Ronna,Shawyer,rshawyer9b@cisco.com,Female,195.190.11.126
337,Fletcher,Lackington,flackington9c@prweb.com,Male,232.135.17.128
338,Cornie,Barchrameev,cbarchrameev9d@cbslocal.com,Male,27.138.244.170
339,Venita,Paulucci,vpaulucci9e@cafepress.com,Male,14.75.217.164
340,Judah,Bursnall,jbursnall9f@slashdot.org,Male,154.120.23.67
341,Creigh,Britee,cbritee9g@pbs.org,Male,169.57.146.101
342,Thebault,Balke,tbalke9h@mail.ru,Female,88.122.78.105
343,Deeyn,Manes,dmanes9i@reddit.com,Male,202.33.236.207
344,Salomone,Horlock,shorlock9j@nps.gov,Female,153.191.4.197
345,Bogart,Blaasch,bblaasch9k@fc2.com,Male,69.40.156.156
346,Erena,Heineking,eheineking9l@histats.com,Male,140.3.169.187
347,Zacherie,Housen,zhousen9m@weibo.com,Male,207.9.108.173
348,Frank,Nowaczyk,fnowaczyk9n@vk.com,Female,157.237.73.95
349,Elfrieda,Ludmann,eludmann9o@youku.com,Male,95.85.45.75
350,Corilla,Dragon,cdragon9p@opensource.org,Male,167.84.228.171
351,Susie,Deport,sdeport9q@blogger.com,Female,10.130.57.227
352,Mildrid,Bruni,mbruni9r@omniture.com,Male,122.64.185.34
353,Denys,Harses,dharses9s@harvard.edu,Female,252.11.118.222
354,Eziechiele,Wilbor,ewilbor9t@ox.ac.uk,Bigender,33.203.178.64
355,Brnaby,Churching,bchurching9u@theguardian.com,Male,219.27.230.103
356,Margaux,Husbands,mhusbands9v@seattletimes.com,Male,238.121.192.213
357,Simonette,Barles,sbarles9w@weebly.com,Male,168.178.66.178
358,Gaynor,Ballefant,gballefant9x@tuttocitta.it,Female,59.93.224.38
359,Bette,Skoggins,bskoggins9y@rambler.ru,Genderqueer,168.154.103.71
360,Alexio,Botwright,abotwright9z@ocn.ne.jp,Male,44.253.42.168
361,Mordecai,Matiebe,mmatiebea0@clickbank.net,Male,29.154.91.32
362,Blythe,Danilewicz,bdanilewicza1@illinois.edu,Female,194.152.27.152
363,Dennison,Anear,daneara2@nature.com,Female,58.112.14.7
364,Dasi,Lillicrop,dlillicropa3@purevolume.com,Male,194.153.118.56
365,Fredrick,Louis,flouisa4@msn.com,Male,1.57.170.208
366,Philip,Junifer,pjunifera5@nba.com,Male,196.227.253.152
367,Humphrey,Spinks,hspinksa6@army.mil,Male,176.91.216.133
368,Raddie,Novak,rnovaka7@surveymonkey.com,Male,27.15.199.162
369,Meriel,Preene,mpreenea8@icq.com,Male,150.97.222.75
370,Raquela,OIlier,roiliera9@canalblog.com,Male,38.102.13.32
371,Torrie,Chiddy,tchiddyaa@taobao.com,Male,191.163.2.13
372,Nikolai,Laxton,nlaxtonab@webnode.com,Female,21.162.14.231
373,Bianka,Eldershaw,beldershawac@forbes.com,Male,62.131.233.148
374,Michaelina,Weldrick,mweldrickad@e-recht24.de,Male,1.66.43.220
375,Gayelord,Breinlein,gbreinleinae@telegraph.co.uk,Genderqueer,156.102.246.96
376,Latrina,Tacon,ltaconaf@noaa.gov,Male,242.250.206.211
377,Chelsae,Skade,cskadeag@senate.gov,Female,204.233.37.158
378,Gregorius,Rennicks,grennicksah@blinklist.com,Female,14.95.155.243
379,Berky,Goodwins,bgoodwinsai@comcast.net,Female,220.163.159.199
380,Cecil,Hames,chamesaj@booking.com,Male,243.161.2.94
381,Mordecai,Ilson,milsonak@rambler.ru,Male,161.110.112.69
382,Carmita,Tezure,ctezureal@va.gov,Female,208.199.233.220
383,Hartley,Tyndall,htyndallam@house.gov,Female,161.123.223.211
384,Ernst,Witchard,ewitchardan@facebook.com,Female,181.143.217.74
385,Montague,Coade,mcoadeao@mozilla.com,Male,131.130.92.169
386,Lucila,Barrell,lbarrellap@rediff.com,Female,218.92.121.116
387,Spencer,Clayworth,sclayworthaq@dailymotion.com,Female,18.134.54.44
388,Morgen,Tedorenko,mtedorenkoar@deviantart.com,Female,219.198.102.166
389,Kaleena,Ealles,keallesas@bbc.co.uk,Male,68.156.160.132
390,Inness,Ladley,iladleyat@buzzfeed.com,Male,168.12.177.64
391,Ephrem,Grundle,egrundleau@imgur.com,Female,241.32.35.6
392,Joshua,Malloy,jmalloyav@va.gov,Female,3.95.176.216
393,Basilio,Pauly,bpaulyaw@histats.com,Female,32.241.165.234
394,Britt,Goodread,bgoodreadax@xing.com,Female,239.107.144.112
395,Angelika,Sumner,asumneray@miitbeian.gov.cn,Male,102.120.88.55
396,Nissy,Zannolli,nzannolliaz@smh.com.au,Female,135.253.151.43
397,Fulvia,Mearns,fmearnsb0@tmall.com,Female,97.165.214.209
398,Raffaello,Codeman,rcodemanb1@berkeley.edu,Male,28.209.145.212
399,Thom,Skirvane,tskirvaneb2@paypal.com,Female,107.120.86.20
400,Gerick,Kytter,gkytterb3@cdbaby.com,Male,229.158.68.131
401,Bertha,Klaussen,bklaussenb4@pbs.org,Female,109.210.147.247
402,Lian,Mulliss,lmullissb5@time.com,Male,244.61.37.191
403,Rhodie,Pridie,rpridieb6@wiley.com,Male,236.216.193.61
404,Sophia,Schoenleiter,sschoenleiterb7@amazon.co.uk,Female,9.135.77.10
405,Euell,Ferrotti,eferrottib8@merriam-webster.com,Female,208.52.201.85
406,Lewiss,Satchell,lsatchellb9@aol.com,Female,105.149.0.11
407,Saunders,Sargood,ssargoodba@wikispaces.com,Male,0.222.100.26
408,Alexine,Wallington,awallingtonbb@yandex.ru,Male,195.112.201.78
409,Lin,Lintall,llintallbc@gov.uk,Male,219.214.163.140
410,Hermine,Passe,hpassebd@uiuc.edu,Female,178.198.77.115
411,Arman,Chittey,achitteybe@kickstarter.com,Female,73.100.255.83
412,Shaylynn,Casswell,scasswellbf@lycos.com,Female,69.169.98.128
413,Paula,Myhill,pmyhillbg@hc360.com,Male,242.110.219.221
414,Imelda,Klimkiewich,iklimkiewichbh@ihg.com,Male,176.162.225.72
415,Lockwood,Grice,lgricebi@pcworld.com,Female,102.95.10.133
416,Patrice,Moreside,pmoresidebj@hud.gov,Female,201.236.170.107
417,Alon,Skylett,askylettbk@webnode.com,Female,203.213.199.4
418,Lucilia,Clementi,lclementibl@seesaa.net,Male,221.101.230.92
419,Mendie,Harkus,mharkusbm@1688.com,Female,104.160.105.203
420,Franciskus,Duligal,fduligalbn@de.vu,Female,229.217.31.74
421,Duky,Mabson,dmabsonbo@fda.gov,Non-binary,136.53.143.249
422,Ebba,Bonnor,ebonnorbp@sitemeter.com,Male,229.208.175.58
423,Ophelie,Adao,oadaobq@mit.edu,Female,254.62.163.216
424,Reidar,Rickarsey,rrickarseybr@com.com,Female,106.4.76.245
425,Kiele,Peacey,kpeaceybs@devhub.com,Male,43.214.212.212
426,Marijo,Aldridge,maldridgebt@ox.ac.uk,Female,215.221.140.147
427,Karole,Kearton,kkeartonbu@tuttocitta.it,Female,21.106.120.24
428,Kellen,Fassbindler,kfassbindlerbv@goodreads.com,Male,185.30.81.199
429,Stacy,Seear,sseearbw@delicious.com,Bigender,180.74.248.149
430,Chrystal,Druitt,cdruittbx@oakley.com,Female,223.184.151.66
431,Kristos,Parminter,kparminterby@jimdo.com,Female,48.227.217.214
432,Lorene,Rigney,lrigneybz@arizona.edu,Male,67.136.197.88
433,Drusy,Ballin,dballinc0@themeforest.net,Male,178.253.186.1
434,Wilton,Applewhaite,wapplewhaitec1@ucsd.edu,Male,158.251.111.113
435,Wylie,Uttridge,wuttridgec2@hud.gov,Female,191.203.81.147
436,Butch,Shotboulte,bshotboultec3@webs.com,Female,114.196.146.126
437,Flem,Givens,fgivensc4@fotki.com,Female,63.31.234.153
438,Augusta,Prewett,aprewettc5@google.co.jp,Female,67.90.90.49
439,Kyrstin,Casbolt,kcasboltc6@businessweek.com,Female,140.194.214.41
440,Reilly,Phipps,rphippsc7@ft.com,Female,13.251.10.247
441,Hadria,Willmot,hwillmotc8@stumbleupon.com,Male,207.93.97.115
442,Melamie,McCrisken,mmccriskenc9@fastcompany.com,Female,8.144.91.135
443,Ailey,Andrysek,aandrysekca@yandex.ru,Male,200.240.50.57
444,Angelico,Cuerdall,acuerdallcb@omniture.com,Male,16.205.63.119
445,Marshall,Caherny,mcahernycc@sfgate.com,Female,40.199.208.248
446,Sammy,Gimeno,sgimenocd@pagesperso-orange.fr,Genderfluid,172.172.152.17
447,Tarah,Freddi,tfreddice@ebay.com,Female,154.23.75.64
448,Heinrik,Flores,hflorescf@oaic.gov.au,Female,127.37.112.68
449,Pablo,Peery,ppeerycg@amazon.com,Female,191.142.118.242
450,Emmie,Demchen,edemchench@jimdo.com,Bigender,217.4.139.55
451,Leonardo,Ponder,lponderci@senate.gov,Male,83.147.157.56
452,Elbert,Juppe,ejuppecj@over-blog.com,Male,124.187.167.18
453,Georgine,Bourchier,gbourchierck@icq.com,Female,13.122.219.77
454,Alisun,Stranahan,astranahancl@cocolog-nifty.com,Female,196.17.229.204
455,Harman,Farthin,hfarthincm@twitter.com,Female,49.90.223.226
456,Zack,Cornels,zcornelscn@mtv.com,Male,115.185.6.71
457,Tommie,Lindstedt,tlindstedtco@boston.com,Female,71.63.73.189
458,Vin,Ovesen,vovesencp@goo.ne.jp,Female,100.40.102.96
459,Alisander,Stollmeyer,astollmeyercq@who.int,Agender,239.34.158.140
460,Cristian,Coghlin,ccoghlincr@ted.com,Genderqueer,24.38.76.101
461,Bryce,Tockell,btockellcs@bing.com,Female,13.197.191.204
462,Alexi,Bellringer,abellringerct@amazon.co.uk,Female,95.81.171.17
463,Cybil,Schutter,cschuttercu@intel.com,Female,7.98.37.126
464,Foster,Hardey,fhardeycv@t-online.de,Female,159.239.185.129
465,Georgeta,Rainville,grainvillecw@squarespace.com,Male,116.196.10.142
466,Rog,Kraft,rkraftcx@businessweek.com,Male,223.49.207.121
467,Shalne,Keddey,skeddeycy@uol.com.br,Female,185.128.125.119
468,Nevil,Soar,nsoarcz@barnesandnoble.com,Male,167.40.28.139
469,Tedi,Wilding,twildingd0@taobao.com,Male,23.62.27.152
470,Lissa,Blabber,lblabberd1@example.com,Male,114.137.131.143
471,Ly,Woodcraft,lwoodcraftd2@google.it,Female,100.206.117.11
472,Elisha,Di Frisco,edifriscod3@washingtonpost.com,Male,32.45.17.83
473,Giulia,Brewis,gbrewisd4@mozilla.com,Male,233.46.168.152
474,Chic,Kealey,ckealeyd5@goodreads.com,Female,218.217.223.145
475,Kettie,Clitsome,kclitsomed6@cam.ac.uk,Female,25.120.126.56
476,Celestyna,Rudd,cruddd7@pen.io,Female,120.161.189.131
477,Virge,Vowels,vvowelsd8@ebay.co.uk,Female,169.34.18.146
478,Edsel,Dimanche,edimanched9@sfgate.com,Male,208.99.79.138
479,Prissie,Coleyshaw,pcoleyshawda@reddit.com,Male,209.31.245.4
480,Ardyth,Casewell,acasewelldb@cornell.edu,Male,174.171.223.231
481,Tresa,Kirrens,tkirrensdc@trellian.com,Female,171.249.147.125
482,Stephen,Colthurst,scolthurstdd@apple.com,Female,100.68.112.18
483,Silvano,Le Barr,slebarrde@amazonaws.com,Female,219.29.107.198
484,Hebert,Meharry,hmeharrydf@ibm.com,Female,180.72.32.30
485,Irvin,Cuttelar,icuttelardg@taobao.com,Male,162.30.235.145
486,Rem,Cartmale,rcartmaledh@imdb.com,Male,253.136.186.167
487,Nara,Lishman,nlishmandi@wikipedia.org,Female,78.91.86.54
488,Kalina,Dungate,kdungatedj@vistaprint.com,Female,108.135.14.184
489,Wade,Waterhous,wwaterhousdk@virginia.edu,Genderqueer,8.122.137.84
490,Adella,Skunes,askunesdl@freewebs.com,Female,161.240.99.255
491,Valle,Element,velementdm@statcounter.com,Male,84.151.81.179
492,Devi,Kuhn,dkuhndn@typepad.com,Male,211.48.125.183
493,Amberly,Haswell,ahaswelldo@blogs.com,Male,204.157.137.150
494,Launce,Oldaker,loldakerdp@about.com,Male,82.11.102.242
495,Ray,Buggs,rbuggsdq@omniture.com,Female,47.242.165.142
496,Flem,Caze,fcazedr@dion.ne.jp,Male,108.78.106.44
497,Stillmann,Aldie,saldieds@cyberchimps.com,Male,42.80.143.193
498,Brinna,Sirrell,bsirrelldt@cyberchimps.com,Male,52.81.255.198
499,Heinrick,Delamaine,hdelamainedu@howstuffworks.com,Genderqueer,165.206.21.141
500,Xavier,Tabram,xtabramdv@friendfeed.com,Female,205.237.101.48
501,Skye,Gladdish,sgladdishdw@naver.com,Female,96.63.137.218
502,Jobye,Haill,jhailldx@apple.com,Female,35.139.213.255
503,Noe,Bultitude,nbultitudedy@go.com,Male,67.150.152.15
504,Mathilde,Petrasek,mpetrasekdz@pbs.org,Female,6.187.244.178
505,Bail,Bayns,bbaynse0@hexun.com,Female,96.158.94.222
506,Randall,Fingleton,rfingletone1@friendfeed.com,Female,97.199.13.241
507,Zuzana,Greenstead,zgreensteade2@reuters.com,Male,214.30.203.192
508,Norrie,Faulconbridge,nfaulconbridgee3@wiley.com,Male,244.231.128.81
509,Albertine,Bogace,abogacee4@squidoo.com,Female,207.79.221.114
510,Quintana,Cressy,qcressye5@gov.uk,Male,129.131.163.175
511,Skylar,Petrashov,spetrashove6@google.co.uk,Polygender,232.22.255.25
512,Martina,Tarver,mtarvere7@hud.gov,Female,244.81.160.122
513,Brianna,Simoncello,bsimoncelloe8@elegantthemes.com,Male,104.182.37.55
514,Sophia,Stelljes,sstelljese9@over-blog.com,Female,213.33.183.176
515,Sybila,Ranking,srankingea@nps.gov,Male,8.167.34.233
516,Norman,Lube,nlubeeb@imdb.com,Female,247.247.5.1
517,Alikee,Muggleston,amugglestonec@quantcast.com,Female,130.15.99.13
518,Rafaello,Wloch,rwloched@ustream.tv,Female,174.45.64.94
519,Sunny,Melledy,smelledyee@gmpg.org,Female,52.157.201.22
520,Corene,Christophe,cchristopheef@msu.edu,Male,199.206.38.129
521,Beryle,Fairweather,bfairweathereg@nature.com,Female,219.144.30.1
522,Austina,Edlyne,aedlyneeh@xinhuanet.com,Female,135.172.25.96
523,Giacobo,Craggs,gcraggsei@youku.com,Male,112.71.0.144
524,Margi,Kembry,mkembryej@sciencedirect.com,Female,184.64.198.8
525,Marti,Poveleye,mpoveleyeek@upenn.edu,Male,197.135.21.187
526,Renado,Jorissen,rjorissenel@networkadvertising.org,Male,225.169.64.27
527,Glenda,Zupa,gzupaem@mediafire.com,Female,18.136.131.91
528,Alia,Gooden,agoodenen@dot.gov,Male,140.225.155.4
529,Cecelia,Aronow,caronoweo@theguardian.com,Male,36.116.82.120
530,Sheffie,Murr,smurrep@pagesperso-orange.fr,Male,140.48.202.52
531,Liana,Warder,lwardereq@feedburner.com,Male,201.163.23.200
532,Imojean,McBay,imcbayer@comcast.net,Female,124.138.4.153
533,Tiffanie,Marks,tmarkses@weather.com,Male,84.156.162.7
534,Britt,Eginton,begintonet@webmd.com,Male,3.108.27.141
535,Viki,Crosdill,vcrosdilleu@clickbank.net,Male,241.134.64.141
536,Marj,Renn,mrennev@washingtonpost.com,Female,84.95.202.42
537,Norry,Oldnall,noldnallew@bbc.co.uk,Male,174.146.60.83
538,Rora,Okroy,rokroyex@shareasale.com,Female,63.195.185.70
539,Ysabel,Phillins,yphillinsey@hhs.gov,Male,86.194.13.190
540,Natalee,Florence,nflorenceez@woothemes.com,Female,170.38.198.13
541,Lyda,Sallows,lsallowsf0@dmoz.org,Female,86.173.187.206
542,Audie,Jamot,ajamotf1@hubpages.com,Male,130.125.248.202
543,Ardine,Sodeau,asodeauf2@diigo.com,Male,129.239.12.97
544,Tristam,Lemmers,tlemmersf3@uiuc.edu,Male,178.144.113.234
545,Miquela,Penticost,mpenticostf4@soup.io,Female,114.162.52.175
546,Parsifal,MacPherson,pmacphersonf5@huffingtonpost.com,Male,196.130.105.249
547,Jade,Kingzeth,jkingzethf6@hugedomains.com,Female,182.231.211.160
548,Perry,Diben,pdibenf7@amazonaws.com,Female,89.89.177.146
549,Gigi,Pelling,gpellingf8@e-recht24.de,Male,171.105.15.5
550,Raimundo,De Mitris,rdemitrisf9@cdbaby.com,Female,178.43.54.124
551,Adlai,Inchcomb,ainchcombfa@amazon.com,Female,124.138.67.252
552,Arie,Tesseyman,atesseymanfb@guardian.co.uk,Male,39.245.73.173
553,Sondra,Barrowcliff,sbarrowclifffc@elegantthemes.com,Male,48.57.73.18
554,Alisun,Andrioletti,aandriolettifd@marriott.com,Female,156.185.143.51
555,Gareth,Wordington,gwordingtonfe@bloglines.com,Male,95.168.164.210
556,Nadia,Quittonden,nquittondenff@cocolog-nifty.com,Female,22.65.234.156
557,Erhard,Johananov,ejohananovfg@mail.ru,Male,170.135.28.123
558,Thom,Bouzek,tbouzekfh@google.com,Female,153.70.31.152
559,Doretta,Johncey,djohnceyfi@soup.io,Male,26.179.24.211
560,Merilee,Greenset,mgreensetfj@ow.ly,Male,239.246.116.212
561,Theobald,Lilloe,tlilloefk@so-net.ne.jp,Female,85.252.125.236
562,Virge,Searjeant,vsearjeantfl@bbb.org,Female,192.38.132.141
563,Savina,Reitenbach,sreitenbachfm@house.gov,Male,186.233.219.73
564,Howard,Huckster,hhucksterfn@pcworld.com,Female,108.72.94.34
565,Alexa,McMychem,amcmychemfo@livejournal.com,Genderqueer,105.27.73.251
566,Noak,Bortoluzzi,nbortoluzzifp@mediafire.com,Bigender,99.117.114.38
567,Wendel,Hassett,whassettfq@infoseek.co.jp,Male,205.62.186.90
568,Chariot,Hessle,chesslefr@whitehouse.gov,Bigender,135.169.169.105
569,Glynda,Spalton,gspaltonfs@icio.us,Female,94.158.21.214
570,Arlette,Beagin,abeaginft@wisc.edu,Female,143.114.64.12
571,Kassia,Kures,kkuresfu@networksolutions.com,Genderqueer,242.70.95.73
572,Brooke,Fomichyov,bfomichyovfv@reuters.com,Male,185.22.1.113
573,Quintina,Bullivent,qbulliventfw@fda.gov,Male,82.69.194.69
574,Dominic,Ortes,dortesfx@icq.com,Female,53.98.35.179
575,Dorris,Daye,ddayefy@sphinn.com,Male,150.90.121.10
576,Andi,Badrick,abadrickfz@mail.ru,Male,82.255.213.21
577,Ricard,Nesbitt,rnesbittg0@over-blog.com,Female,217.222.215.145
578,Ardene,Dank,adankg1@drupal.org,Male,239.250.165.67
579,Doreen,Disbury,ddisburyg2@theatlantic.com,Female,3.232.171.251
580,Rosalinda,Atwill,ratwillg3@bloglovin.com,Male,10.250.72.81
581,Hilary,Harvett,hharvettg4@google.cn,Female,100.105.69.32
582,Parsifal,Scallan,pscallang5@about.me,Female,254.113.121.70
583,Marcella,Senten,msenteng6@youtu.be,Female,132.85.202.92
584,Reilly,Seares,rsearesg7@mayoclinic.com,Male,161.173.109.14
585,Piotr,Antonoyev,pantonoyevg8@earthlink.net,Female,149.99.57.69
586,Steffane,Fallawe,sfallaweg9@dagondesign.com,Male,184.65.78.244
587,Lenci,Pettinger,lpettingerga@ezinearticles.com,Female,206.128.166.164
588,Shanan,Treagust,streagustgb@aboutads.info,Male,54.165.117.194
589,Shelley,Wickett,swickettgc@yandex.ru,Female,102.168.101.26
590,Gavrielle,Devo,gdevogd@hubpages.com,Male,159.96.114.141
591,Christina,Spawton,cspawtonge@gizmodo.com,Female,245.228.235.126
592,Louis,Goosey,lgooseygf@kickstarter.com,Female,91.145.46.0
593,Buffy,Colman,bcolmangg@desdev.cn,Male,167.213.87.170
594,Yelena,Bencher,ybenchergh@hc360.com,Female,241.26.161.152
595,Herman,Kimmel,hkimmelgi@angelfire.com,Female,175.204.207.20
596,Rafaelita,Hatry,rhatrygj@sciencedirect.com,Female,10.163.184.53
597,Derby,Reah,dreahgk@alibaba.com,Male,48.1.42.157
598,Noreen,Pasley,npasleygl@cnbc.com,Female,4.185.224.208
599,Jaquith,Schankel,jschankelgm@un.org,Female,9.116.233.47
600,Kaila,Sandaver,ksandavergn@theatlantic.com,Male,180.227.176.218
601,Wallie,Mangin,wmangingo@paginegialle.it,Male,209.109.21.81
602,Lynda,Yurukhin,lyurukhingp@barnesandnoble.com,Male,158.129.229.102
603,Far,Jalland,fjallandgq@ihg.com,Female,247.36.212.247
604,Harli,Brute,hbrutegr@hao123.com,Female,239.53.84.195
605,Jenine,McGunley,jmcgunleygs@prlog.org,Female,53.62.171.3
606,Crichton,Amos,camosgt@forbes.com,Female,50.233.192.44
607,Marco,Gobolos,mgobolosgu@goo.gl,Female,133.77.63.124
608,Josee,Edmonson,jedmonsongv@deliciousdays.com,Female,187.10.199.124
609,Mickie,Heis,mheisgw@harvard.edu,Female,2.66.243.89
610,Georgeanna,Praten,gpratengx@so-net.ne.jp,Female,130.110.112.147
611,Giovanni,Blazejewski,gblazejewskigy@cargocollective.com,Male,166.168.137.71
612,Ciro,Iggo,ciggogz@eventbrite.com,Female,216.73.136.254
613,Shelia,Sukbhans,ssukbhansh0@soundcloud.com,Male,187.138.66.210
614,Marianna,Keyse,mkeyseh1@storify.com,Genderqueer,176.146.40.42
615,Fanni,Carlyle,fcarlyleh2@e-recht24.de,Female,190.225.3.243
616,Mildrid,Linskey,mlinskeyh3@samsung.com,Female,102.52.41.161
617,Ervin,Gregr,egregrh4@moonfruit.com,Male,93.157.37.124
618,Nev,Alentyev,nalentyevh5@w3.org,Male,140.201.145.57
619,Anson,Postians,apostiansh6@usatoday.com,Female,195.155.237.115
620,Minnie,Piers,mpiersh7@mysql.com,Female,203.194.67.179
621,Allsun,Croney,acroneyh8@amazon.de,Male,156.243.240.217
622,Sybila,Lumsdall,slumsdallh9@java.com,Non-binary,25.107.149.8
623,Addia,McPherson,amcphersonha@weebly.com,Male,144.172.167.177
624,Koressa,Morrallee,kmorralleehb@guardian.co.uk,Male,162.185.109.98
625,Dom,Trowel,dtrowelhc@cisco.com,Female,62.146.30.219
626,Emlyn,Cutmare,ecutmarehd@topsy.com,Female,160.78.175.14
627,Kristin,Nassie,knassiehe@ebay.com,Female,240.41.134.208
628,Chere,Bellany,cbellanyhf@yolasite.com,Female,250.62.22.106
629,Lian,Josovich,ljosovichhg@wikimedia.org,Female,189.232.11.152
630,Job,Sanpher,jsanpherhh@nydailynews.com,Female,184.247.124.209
631,Jobi,Levene,jlevenehi@tripod.com,Male,252.234.45.191
632,Cort,Grenfell,cgrenfellhj@delicious.com,Non-binary,142.95.26.239
633,Bjorn,Benoist,bbenoisthk@chronoengine.com,Male,17.17.137.247
634,Nils,Lauchlan,nlauchlanhl@reverbnation.com,Male,193.182.234.117
635,Annaliese,Klimecki,aklimeckihm@narod.ru,Male,128.138.247.79
636,Lazarus,Forten,lfortenhn@vistaprint.com,Female,52.88.58.197
637,Erl,Benediktovich,ebenediktovichho@stumbleupon.com,Male,149.8.177.250
638,Vincents,Tesauro,vtesaurohp@tmall.com,Male,242.65.110.117
639,Suki,Winyard,swinyardhq@de.vu,Male,140.101.114.122
640,Jaquelin,Stotherfield,jstotherfieldhr@yale.edu,Male,27.175.46.54
641,Hannie,Wherrit,hwherriths@usa.gov,Female,24.184.91.249
642,Hastings,Arnald,harnaldht@sciencedaily.com,Female,60.189.60.173
643,Doe,McDill,dmcdillhu@usda.gov,Male,228.149.105.62
644,Kim,Parker,kparkerhv@canalblog.com,Male,31.115.140.6
645,Zonnya,Gotliffe,zgotliffehw@engadget.com,Female,184.122.225.248
646,Ab,Fuxman,afuxmanhx@adobe.com,Female,216.86.221.236
647,Gene,Clevely,gclevelyhy@bravesites.com,Female,67.200.59.28
648,Dore,Oxton,doxtonhz@seesaa.net,Male,129.14.152.224
649,Simmonds,Watkin,swatkini0@bloglovin.com,Male,185.225.104.75
650,Andree,Ditt,aditti1@clickbank.net,Female,170.58.65.109
651,Koren,Ridgwell,kridgwelli2@mac.com,Female,252.14.55.69
652,Betty,Thickett,bthicketti3@psu.edu,Female,40.227.42.63
653,Vaughan,Rawsthorn,vrawsthorni4@gizmodo.com,Female,251.151.168.223
654,Dom,Dowey,ddoweyi5@wunderground.com,Male,93.153.29.112
655,Eugine,Otterwell,eotterwelli6@tiny.cc,Male,7.164.36.213
656,Roxanne,Whittlesea,rwhittleseai7@google.de,Male,197.253.149.12
657,Curt,Leades,cleadesi8@statcounter.com,Male,9.139.155.75
658,Bailey,Sommerfeld,bsommerfeldi9@home.pl,Male,232.213.220.150
659,Chandal,Jozsef,cjozsefia@instagram.com,Female,229.26.163.185
660,Mikey,Bolzmann,mbolzmannib@ow.ly,Male,241.202.172.143
661,Cyril,Crowcroft,ccrowcroftic@time.com,Male,172.125.93.142
662,Mannie,Arrundale,marrundaleid@ow.ly,Polygender,45.166.211.20
663,Raynor,Gruszka,rgruszkaie@cafepress.com,Male,245.119.29.129
664,Aila,Marien,amarienif@omniture.com,Male,40.92.255.198
665,Rosita,Ilden,rildenig@home.pl,Male,135.25.218.61
666,Cordelia,Capini,ccapiniih@sakura.ne.jp,Male,63.65.34.255
667,Agretha,Karlolak,akarlolakii@intel.com,Male,103.154.94.93
668,Rose,Millward,rmillwardij@nps.gov,Male,142.207.167.45
669,Viviyan,Costi,vcostiik@gravatar.com,Female,0.135.86.227
670,Sibelle,Willden,swilldenil@miibeian.gov.cn,Female,49.39.71.171
671,Savina,Meric,smericim@addthis.com,Female,166.36.59.73
672,Rube,Baulcombe,rbaulcombein@multiply.com,Male,150.35.42.135
673,Brittney,Whenman,bwhenmanio@sfgate.com,Male,29.42.158.96
674,Hamnet,Drinnan,hdrinnanip@imdb.com,Female,234.125.160.201
675,Elise,Rayman,eraymaniq@artisteer.com,Male,228.95.57.198
676,Enrique,Brager,ebragerir@github.io,Male,76.47.5.125
677,Mahmud,Gorioli,mgorioliis@cdc.gov,Polygender,118.23.143.105
678,Fionna,D'Abbot-Doyle,fdabbotdoyleit@virginia.edu,Male,187.141.21.164
679,Keeley,Petrasso,kpetrassoiu@rakuten.co.jp,Male,165.43.186.215
680,Karia,Darnody,kdarnodyiv@weibo.com,Female,203.198.89.109
681,Constantia,Heinl,cheinliw@sfgate.com,Female,52.190.177.124
682,Sigismundo,Casserly,scasserlyix@sakura.ne.jp,Female,125.19.59.183
683,Devonna,Sinnocke,dsinnockeiy@google.com.au,Male,95.242.116.216
684,Mildred,Airy,mairyiz@themeforest.net,Female,73.154.105.242
685,Pearce,Ladloe,pladloej0@squidoo.com,Male,168.205.159.254
686,Melissa,Matteacci,mmatteaccij1@usa.gov,Male,240.51.217.207
687,Smith,Fassbender,sfassbenderj2@ning.com,Female,55.93.203.151
688,Onfroi,Georgelin,ogeorgelinj3@sciencedirect.com,Female,51.213.63.227
689,Kimberlyn,Woloschin,kwoloschinj4@sbwire.com,Female,159.175.3.41
690,Margaret,Monan,mmonanj5@hhs.gov,Male,28.10.35.156
691,Consolata,Rein,creinj6@yolasite.com,Female,3.195.238.136
692,Murvyn,Kidds,mkiddsj7@umn.edu,Female,114.172.148.252
693,Greer,Mazey,gmazeyj8@merriam-webster.com,Male,7.91.203.87
694,Winnifred,Leheude,wleheudej9@abc.net.au,Male,122.43.71.217
695,Brandais,Sivewright,bsivewrightja@over-blog.com,Male,46.2.78.116
696,Piggy,Sealy,psealyjb@fema.gov,Female,145.85.166.19
697,Channa,Showen,cshowenjc@nbcnews.com,Female,113.243.144.35
698,Chickie,OIlier,coilierjd@reuters.com,Female,14.67.133.159
699,Forster,Ikringill,fikringillje@mlb.com,Male,55.198.41.209
700,Sherri,Summerskill,ssummerskilljf@archive.org,Bigender,137.183.39.248
701,Hermy,Byrom,hbyromjg@gizmodo.com,Male,98.44.179.38
702,Cullie,Mc Menamin,cmcmenaminjh@cbslocal.com,Male,94.178.226.118
703,Gifford,Eidelman,geidelmanji@ask.com,Female,119.130.158.211
704,Shayna,Lutz,slutzjj@delicious.com,Male,170.107.225.153
705,D'arcy,Plank,dplankjk@booking.com,Female,148.110.8.20
706,Roma,Leghorn,rleghornjl@angelfire.com,Female,27.246.135.221
707,Amie,Robilliard,arobilliardjm@blogtalkradio.com,Female,236.155.131.59
708,Quintilla,Agglio,qaggliojn@home.pl,Genderqueer,39.90.131.252
709,Gerhardt,Kenright,gkenrightjo@illinois.edu,Female,181.127.155.253
710,Owen,Alsina,oalsinajp@diigo.com,Male,13.9.122.239
711,Sergent,Bernot,sbernotjq@de.vu,Male,28.255.105.43
712,Saunder,Kesterton,skestertonjr@ted.com,Male,42.68.201.40
713,Hansiain,Kilshaw,hkilshawjs@furl.net,Male,65.76.69.214
714,Diannne,Killick,dkillickjt@shinystat.com,Male,122.10.140.114
715,Chiquia,Fraulo,cfrauloju@wikipedia.org,Bigender,102.95.180.252
716,Carol-jean,Mowle,cmowlejv@indiatimes.com,Female,250.25.10.48
717,Andreana,Bambrugh,abambrughjw@economist.com,Male,19.179.67.105
718,Vivian,Chase,vchasejx@unblog.fr,Female,14.64.189.49
719,Wilmar,Udy,wudyjy@is.gd,Female,182.149.100.231
720,Woody,Neylon,wneylonjz@devhub.com,Bigender,169.19.170.221
721,Jozef,Texton,jtextonk0@bluehost.com,Male,177.76.85.152
722,Lavena,Selburn,lselburnk1@bizjournals.com,Male,18.83.213.227
723,Essie,Yanov,eyanovk2@privacy.gov.au,Male,114.136.140.19
724,Bernice,Gimblet,bgimbletk3@flavors.me,Male,37.241.226.134
725,Eduard,Swallow,eswallowk4@home.pl,Agender,206.144.154.186
726,Sondra,Zouch,szouchk5@sbwire.com,Male,36.33.251.197
727,Massimo,Bearham,mbearhamk6@linkedin.com,Genderqueer,223.252.202.46
728,Marleah,Palfery,mpalferyk7@usatoday.com,Male,123.97.20.159
729,Emilie,Armit,earmitk8@amazon.co.uk,Male,146.190.32.101
730,Markus,Leet,mleetk9@twitpic.com,Female,170.134.244.83
731,Barbabra,O' Borne,boborneka@sfgate.com,Polygender,167.63.44.27
732,Angel,Oliveto,aolivetokb@walmart.com,Female,253.221.63.2
733,Jeffy,Grolmann,jgrolmannkc@uol.com.br,Female,143.142.157.245
734,Kary,Footer,kfooterkd@jugem.jp,Male,49.218.213.14
735,Lissi,Humbey,lhumbeyke@diigo.com,Male,57.59.205.94
736,Al,Sprigin,aspriginkf@mozilla.com,Male,252.160.54.88
737,Krystyna,Brobeck,kbrobeckkg@spotify.com,Male,51.63.188.45
738,Evelyn,Bosket,ebosketkh@liveinternet.ru,Female,102.123.56.145
739,Briant,Curgenven,bcurgenvenki@ustream.tv,Female,254.185.213.139
740,Dorelle,Holme,dholmekj@deliciousdays.com,Agender,225.117.149.19
741,Crystie,Lindstrom,clindstromkk@stanford.edu,Male,90.149.43.177
742,Olly,Lenin,oleninkl@reverbnation.com,Male,35.35.110.88
743,Shara,Osgerby,sosgerbykm@indiatimes.com,Male,132.220.152.188
744,Herb,Walshaw,hwalshawkn@dot.gov,Male,213.131.171.127
745,Fredericka,Chapelhow,fchapelhowko@imdb.com,Female,54.109.134.87
746,April,Lange,alangekp@surveymonkey.com,Female,83.68.159.101
747,Esme,Gorring,egorringkq@examiner.com,Male,20.149.57.159
748,Shea,Cocher,scocherkr@hud.gov,Female,225.170.10.76
749,Jarrid,Impy,jimpyks@photobucket.com,Non-binary,164.152.24.73
750,Letti,Kenningham,lkenninghamkt@statcounter.com,Female,136.60.125.252
751,Pascal,Kohnemann,pkohnemannku@npr.org,Female,195.254.174.143
752,Shadow,Runchman,srunchmankv@msu.edu,Male,71.5.78.181
753,Lilias,Bicker,lbickerkw@noaa.gov,Female,45.189.73.117
754,Adamo,Trickey,atrickeykx@nih.gov,Female,198.188.127.227
755,Marcie,Biford,mbifordky@soup.io,Genderqueer,170.8.103.244
756,Chicky,Breewood,cbreewoodkz@wisc.edu,Genderqueer,30.204.158.181
757,Katti,Leggan,klegganl0@telegraph.co.uk,Female,97.201.173.129
758,Lorrin,Radnedge,lradnedgel1@imdb.com,Male,158.203.56.94
759,Avivah,Lyffe,alyffel2@altervista.org,Female,67.3.229.24
760,Laraine,Sparshatt,lsparshattl3@ucoz.com,Female,186.20.3.193
761,Millisent,Ratchford,mratchfordl4@dyndns.org,Female,218.166.51.56
762,Gilda,Zanutti,gzanuttil5@upenn.edu,Male,239.148.110.243
763,Linea,Dumbar,ldumbarl6@newsvine.com,Female,236.209.122.145
764,Willey,Clemendot,wclemendotl7@flavors.me,Genderqueer,90.252.110.2
765,Duff,Bertomeu,dbertomeul8@pagesperso-orange.fr,Female,141.68.222.139
766,Enrique,Smalles,esmallesl9@sciencedirect.com,Female,128.111.220.189
767,Rasla,Persent,rpersentla@biblegateway.com,Male,234.201.176.225
768,Emelen,Bruck,ebrucklb@latimes.com,Female,9.241.46.197
769,Pierette,Jacop,pjacoplc@mit.edu,Female,52.173.188.220
770,Bartlet,Mildner,bmildnerld@mtv.com,Male,53.187.5.192
771,Mercy,Wrates,mwratesle@soundcloud.com,Female,115.4.168.171
772,Lanae,Herrieven,lherrievenlf@xrea.com,Female,188.3.144.142
773,Pip,Voelker,pvoelkerlg@ucoz.com,Non-binary,144.126.223.84
774,Salvidor,Soule,ssoulelh@ebay.com,Male,82.119.248.109
775,Shalna,Gorelli,sgorellili@gmpg.org,Male,104.127.248.208
776,Hannie,Pinhorn,hpinhornlj@webnode.com,Female,40.100.177.123
777,Rina,Duling,rdulinglk@samsung.com,Male,183.185.137.229
778,Hadrian,Camm,hcammll@statcounter.com,Female,54.73.29.212
779,Alfi,Winsor,awinsorlm@nih.gov,Female,87.133.12.135
780,Clayborn,Doey,cdoeyln@google.de,Female,97.13.255.109
781,Noak,Sutor,nsutorlo@oakley.com,Female,9.173.231.43
782,Annadiane,Jodlkowski,ajodlkowskilp@wikimedia.org,Female,249.128.92.68
783,Dore,Garman,dgarmanlq@amazonaws.com,Male,140.9.228.156
784,Dewie,Lempel,dlempellr@pcworld.com,Female,96.78.129.111
785,Dido,Angear,dangearls@msu.edu,Polygender,65.138.124.212
786,Clementina,Picken,cpickenlt@ca.gov,Male,66.8.56.221
787,Arv,Ayliff,aaylifflu@wikimedia.org,Male,23.64.126.175
788,Royce,Oleszcuk,roleszcuklv@merriam-webster.com,Male,12.240.60.202
789,Bronny,Jeaves,bjeaveslw@youtube.com,Male,106.116.13.110
790,Olivier,Ben,obenlx@imgur.com,Male,177.7.65.100
791,Rheta,Corless,rcorlessly@cargocollective.com,Female,118.15.140.122
792,Sibylla,Kettlestring,skettlestringlz@mtv.com,Female,220.87.44.31
793,Aprilette,D'Adamo,adadamom0@narod.ru,Bigender,149.169.172.174
794,Hoyt,Gosland,hgoslandm1@webeden.co.uk,Male,125.143.91.59
795,Randy,Hullins,rhullinsm2@360.cn,Female,74.241.0.193
796,L;urette,Sherland,lsherlandm3@npr.org,Male,175.252.84.166
797,Adaline,Cozens,acozensm4@jugem.jp,Female,6.139.142.209
798,Lucretia,Hatherell,lhatherellm5@amazonaws.com,Male,40.221.20.148
799,Umeko,Cornish,ucornishm6@gizmodo.com,Female,133.211.28.9
800,Gilemette,Massow,gmassowm7@irs.gov,Male,229.138.136.146
801,Vidovik,Rooksby,vrooksbym8@spiegel.de,Female,21.39.113.147
802,Ricky,Huddart,rhuddartm9@over-blog.com,Genderfluid,201.249.232.93
803,Northrop,Bromhead,nbromheadma@about.me,Male,15.227.251.34
804,Quintina,Simonds,qsimondsmb@bloglovin.com,Female,133.236.35.212
805,Buckie,McCloch,bmcclochmc@vimeo.com,Male,83.32.59.94
806,Jennie,Magner,jmagnermd@cafepress.com,Male,205.87.144.95
807,Rance,Bowle,rbowleme@google.co.uk,Male,110.79.149.82
808,Esmeralda,Bowshire,ebowshiremf@sogou.com,Male,208.203.135.106
809,Tim,Padmore,tpadmoremg@gravatar.com,Male,82.59.28.114
810,Sosanna,Aaron,saaronmh@oracle.com,Male,166.202.221.211
811,Sidney,Whitebrook,swhitebrookmi@amazon.com,Female,175.219.140.3
812,Rana,Manson,rmansonmj@github.com,Polygender,167.30.158.18
813,Judy,Tylor,jtylormk@reference.com,Female,110.230.223.40
814,Lennard,Crack,lcrackml@seattletimes.com,Male,6.106.183.37
815,Glory,Stadding,gstaddingmm@eventbrite.com,Female,180.168.107.71
816,Kerwinn,Aitken,kaitkenmn@sphinn.com,Bigender,151.170.79.182
817,Peggie,Hanford,phanfordmo@ed.gov,Male,40.159.170.88
818,Delaney,Hammerson,dhammersonmp@nhs.uk,Female,238.52.121.79
819,Andreana,Ocklin,aocklinmq@unicef.org,Male,60.215.130.182
820,Jenny,Secker,jseckermr@unicef.org,Female,4.181.17.26
821,Jamie,Kuhne,jkuhnems@xrea.com,Male,209.91.199.49
822,Ursuline,Farrar,ufarrarmt@chicagotribune.com,Male,149.20.162.126
823,Dosi,Costar,dcostarmu@imgur.com,Female,76.23.181.72
824,Sherie,Pavitt,spavittmv@posterous.com,Male,67.101.211.41
825,Van,Stripling,vstriplingmw@360.cn,Female,48.202.189.191
826,Nathanial,Skala,nskalamx@wikispaces.com,Male,154.236.132.132
827,Jacquette,Zavattiero,jzavattieromy@prweb.com,Male,168.78.223.30
828,Glory,Chettle,gchettlemz@goo.gl,Female,38.112.86.158
829,Carine,Tillyer,ctillyern0@prnewswire.com,Male,102.157.185.238
830,Kerwin,Barribal,kbarribaln1@csmonitor.com,Genderqueer,53.253.133.52
831,Babbette,De La Salle,bdelasallen2@ustream.tv,Female,8.117.88.42
832,Laurette,Gietz,lgietzn3@businessinsider.com,Female,126.51.86.87
833,Rowe,Housden,rhousdenn4@huffingtonpost.com,Female,49.32.167.187
834,Denyse,Drexel,ddrexeln5@furl.net,Female,23.137.184.236
835,Lenore,Toppin,ltoppinn6@merriam-webster.com,Female,113.246.243.191
836,Latrina,Jarrette,ljarretten7@rediff.com,Female,244.196.244.166
837,Aggy,Fifield,afifieldn8@google.ru,Female,104.24.127.48
838,Hedi,Given,hgivenn9@nba.com,Agender,234.154.125.8
839,Georg,Wilton,gwiltonna@utexas.edu,Female,210.165.133.213
840,Lida,O'Towey,lotoweynb@yellowpages.com,Female,5.38.186.26
841,David,Cholton,dcholtonnc@miitbeian.gov.cn,Male,216.163.187.99
842,Colette,Scathard,cscathardnd@multiply.com,Male,10.136.153.28
843,Marthena,Hiddsley,mhiddsleyne@sohu.com,Male,70.114.177.90
844,Keefer,Leyban,kleybannf@xinhuanet.com,Female,70.173.24.196
845,Marc,Knibbs,mknibbsng@deviantart.com,Female,242.148.222.195
846,Emlynne,Owlner,eowlnernh@miibeian.gov.cn,Female,105.189.32.147
847,Blinni,Boake,bboakeni@indiegogo.com,Male,180.209.188.244
848,Ring,Sabati,rsabatinj@jiathis.com,Male,161.131.117.48
849,Isidor,Bercher,iberchernk@squarespace.com,Female,8.92.206.32
850,Towny,Dimmock,tdimmocknl@uiuc.edu,Female,218.203.162.13
851,Jillie,Hanney,jhanneynm@digg.com,Female,249.51.232.141
852,Nevin,Ollie,nollienn@fotki.com,Male,87.92.239.75
853,Kristina,Brunning,kbrunningno@hc360.com,Male,111.230.59.170
854,Franni,Duffil,fduffilnp@163.com,Female,205.69.94.36
855,Worthy,Bolland,wbollandnq@goo.ne.jp,Female,223.244.50.101
856,Violetta,Godwin,vgodwinnr@cpanel.net,Female,228.59.93.121
857,Maurene,Haysey,mhayseyns@marketwatch.com,Female,50.185.240.71
858,Yuma,Davenport,ydavenportnt@scribd.com,Genderfluid,15.128.216.117
859,Andie,Bails,abailsnu@parallels.com,Female,186.214.27.157
860,Kris,Boughtwood,kboughtwoodnv@comcast.net,Male,232.74.151.50
861,Melisandra,Henkens,mhenkensnw@usgs.gov,Female,210.255.234.139
862,Sherrie,Giacomuzzo,sgiacomuzzonx@cbslocal.com,Genderqueer,106.248.167.50
863,Lyndsey,Brushneen,lbrushneenny@163.com,Male,142.77.110.163
864,Gennie,Stillgoe,gstillgoenz@msn.com,Female,25.245.121.26
865,Kandy,Loudyan,kloudyano0@redcross.org,Female,253.240.201.66
866,Chaunce,Scola,cscolao1@unc.edu,Male,236.174.48.101
867,Tove,Gorsse,tgorsseo2@alexa.com,Genderfluid,144.3.138.233
868,Teador,Murdy,tmurdyo3@foxnews.com,Female,36.195.29.232
869,Irita,Gillbey,igillbeyo4@theguardian.com,Bigender,88.39.41.134
870,Franzen,Kochel,fkochelo5@usnews.com,Male,28.44.60.253
871,Corrine,Uren,cureno6@naver.com,Male,92.97.143.186
872,Thor,Myhill,tmyhillo7@amazonaws.com,Non-binary,203.162.85.202
873,Rose,Lainge,rlaingeo8@utexas.edu,Female,214.63.79.131
874,Symon,Switzer,sswitzero9@nytimes.com,Male,6.116.47.163
875,Philly,Freen,pfreenoa@360.cn,Male,183.109.15.125
876,Fletch,Trubshawe,ftrubshaweob@joomla.org,Male,33.165.112.15
877,Sheila,Hallgarth,shallgarthoc@amazon.com,Male,38.200.211.32
878,Shelby,Clemmitt,sclemmittod@reddit.com,Female,82.49.76.3
879,Kent,Maffin,kmaffinoe@seattletimes.com,Male,166.237.250.157
880,Davidde,Beecroft,dbeecroftof@shutterfly.com,Female,54.116.186.24
881,Morgen,Loach,mloachog@wikipedia.org,Female,145.203.70.138
882,Marlo,Grindley,mgrindleyoh@mapquest.com,Male,30.102.213.182
883,Sharla,Duchesne,sduchesneoi@nydailynews.com,Genderfluid,211.45.61.152
884,Aldrich,Stinchcombe,astinchcombeoj@nasa.gov,Female,221.4.81.118
885,Brigitte,Geikie,bgeikieok@freewebs.com,Female,236.239.163.27
886,Bertie,Youtead,byouteadol@reference.com,Male,165.4.230.18
887,Morganica,Mullins,mmullinsom@meetup.com,Female,242.206.113.132
888,Kennedy,Dottrell,kdottrellon@yahoo.com,Male,218.99.106.92
889,Laetitia,Blabey,lblabeyoo@ibm.com,Male,115.38.235.246
890,Gerhardt,Pirdy,gpirdyop@list-manage.com,Male,47.52.220.106
891,Grenville,Luxmoore,gluxmooreoq@g.co,Female,70.58.254.24
892,Aguste,Izhak,aizhakor@zimbio.com,Female,12.198.59.228
893,Chad,Schuchmacher,cschuchmacheros@omniture.com,Female,24.144.31.61
894,Rayna,Tapscott,rtapscottot@blogs.com,Female,144.1.53.236
895,Livvy,Bartles,lbartlesou@ebay.co.uk,Genderqueer,94.120.26.200
896,Earl,Woodison,ewoodisonov@jimdo.com,Male,72.77.7.116
897,Arnold,Bluett,abluettow@psu.edu,Male,39.177.80.151
898,Reine,Rich,rrichox@desdev.cn,Female,229.124.126.213
899,Alyss,Agiolfinger,aagiolfingeroy@hp.com,Female,26.245.114.239
900,Locke,Thurlby,lthurlbyoz@whitehouse.gov,Male,63.179.114.231
901,Cecile,Garmons,cgarmonsp0@newsvine.com,Male,116.143.30.201
902,Alfonse,Stanwix,astanwixp1@sitemeter.com,Male,133.186.33.98
903,Bonnie,Hirthe,bhirthep2@tuttocitta.it,Female,39.101.189.88
904,Vincenty,Crat,vcratp3@newsvine.com,Male,91.40.134.101
905,Dicky,Wyd,dwydp4@woothemes.com,Female,64.222.150.86
906,Bernice,Templeton,btempletonp5@latimes.com,Male,222.149.32.48
907,Cathie,Pindred,cpindredp6@lulu.com,Male,200.246.153.92
908,Tedman,Togher,ttogherp7@sogou.com,Female,102.83.46.26
909,Tildy,Allewell,tallewellp8@godaddy.com,Male,1.118.99.115
910,Sterne,Flannigan,sflanniganp9@foxnews.com,Female,216.166.51.168
911,Samaria,Stickings,sstickingspa@sfgate.com,Female,248.99.68.129
912,Ivett,Janecek,ijanecekpb@reuters.com,Female,62.1.93.88
913,Teodor,Rex,trexpc@prweb.com,Male,181.1.176.109
914,Eleanora,Basini-Gazzi,ebasinigazzipd@livejournal.com,Genderqueer,22.207.58.221
915,Bartie,Melbourn,bmelbournpe@unblog.fr,Female,63.32.136.161
916,Cobby,Bowker,cbowkerpf@admin.ch,Male,130.121.202.81
917,Goddard,Flecknoe,gflecknoepg@hao123.com,Female,61.88.182.53
918,Mirabella,Kitteringham,mkitteringhamph@nifty.com,Female,246.103.240.142
919,Paco,Wolfart,pwolfartpi@ed.gov,Male,163.178.132.114
920,Katharina,Fero,kferopj@spiegel.de,Female,110.15.24.140
921,Simona,Olivetti,solivettipk@about.com,Male,76.18.48.210
922,Theodosia,Buttery,tbutterypl@hp.com,Male,203.151.0.77
923,Orran,Critchlow,ocritchlowpm@flavors.me,Male,247.206.167.243
924,Odelinda,Hembery,ohemberypn@de.vu,Male,92.32.196.35
925,Kaleena,Berrecloth,kberreclothpo@fda.gov,Male,21.240.156.109
926,Ariana,Wines,awinespp@feedburner.com,Male,78.212.252.44
927,Towny,Sanderson,tsandersonpq@nps.gov,Male,18.249.214.163
928,Hansiain,Arndtsen,harndtsenpr@mediafire.com,Female,27.237.86.220
929,Roxana,Kendal,rkendalps@addthis.com,Female,41.174.187.212
930,Lian,Bassano,lbassanopt@engadget.com,Male,125.27.4.153
931,Rolf,Caltun,rcaltunpu@t.co,Male,197.178.155.10
932,Ian,Vlasov,ivlasovpv@wp.com,Female,104.42.21.221
933,Baily,Orrell,borrellpw@bandcamp.com,Male,226.218.255.8
934,Penny,Kesterton,pkestertonpx@icq.com,Male,216.104.180.15
935,Cleavland,Worpole,cworpolepy@arstechnica.com,Male,36.53.24.174
936,Raymund,Ferroni,rferronipz@biblegateway.com,Male,216.171.211.180
937,Trish,Reinard,treinardq0@pagesperso-orange.fr,Male,62.239.73.164
938,Sena,Grealey,sgrealeyq1@toplist.cz,Female,17.47.111.161
939,Valerye,Bohje,vbohjeq2@domainmarket.com,Male,152.238.170.238
940,Adel,Mallalieu,amallalieuq3@cdc.gov,Male,176.68.6.113
941,Cass,Chazier,cchazierq4@domainmarket.com,Male,202.171.71.36
942,Dalenna,Gook,dgookq5@eepurl.com,Male,20.138.253.72
943,Darren,Codd,dcoddq6@furl.net,Female,27.34.191.239
944,Ewart,Kiljan,ekiljanq7@tripod.com,Male,78.251.132.104
945,Ferdy,Holby,fholbyq8@senate.gov,Bigender,99.99.232.165
946,Mathe,Ginman,mginmanq9@amazon.de,Female,86.192.142.159
947,Kinny,Cartmer,kcartmerqa@rakuten.co.jp,Male,61.148.132.145
948,Norry,Robers,nrobersqb@blogger.com,Male,82.214.60.230
949,Osmund,Lacy,olacyqc@msn.com,Female,99.42.146.159
950,Ginnie,Children,gchildrenqd@freewebs.com,Male,117.204.132.163
951,Bartlet,Gages,bgagesqe@businessweek.com,Female,250.171.64.36
952,Cliff,Alywen,calywenqf@irs.gov,Male,205.221.209.196
953,Grover,Pouton,gpoutonqg@bloomberg.com,Female,26.229.92.37
954,Gwen,Joscelin,gjoscelinqh@deviantart.com,Female,219.9.113.46
955,Laney,Mayger,lmaygerqi@twitter.com,Male,88.81.197.61
956,Merla,Kolczynski,mkolczynskiqj@mlb.com,Female,121.180.87.238
957,Sancho,Skerrett,sskerrettqk@bluehost.com,Female,62.172.31.134
958,Rachael,Strettell,rstrettellql@fema.gov,Male,241.119.99.96
959,Orson,Kite,okiteqm@bloomberg.com,Female,125.219.107.161
960,Loralyn,Croster,lcrosterqn@prweb.com,Female,64.25.200.35
961,Rosanne,Tiley,rtileyqo@sourceforge.net,Female,4.237.185.176
962,Tobye,Foxton,tfoxtonqp@list-manage.com,Male,27.91.132.175
963,Kain,Hobgen,khobgenqq@independent.co.uk,Male,252.118.210.102
964,Darcy,Brimmacombe,dbrimmacombeqr@wp.com,Male,29.113.61.242
965,Pauletta,Gurry,pgurryqs@histats.com,Male,44.253.19.236
966,Jere,Fearnsides,jfearnsidesqt@comcast.net,Female,200.171.147.204
967,Bernetta,Buche,bbuchequ@canalblog.com,Male,95.245.179.4
968,Becca,Goulden,bgouldenqv@geocities.jp,Male,187.243.222.216
969,Udale,Bundock,ubundockqw@theatlantic.com,Bigender,15.20.253.160
970,Germaine,Astill,gastillqx@yellowbook.com,Female,104.72.74.170
971,Karoly,Summerlee,ksummerleeqy@businesswire.com,Female,82.142.218.61
972,Francoise,Daulton,fdaultonqz@amazon.com,Female,76.10.86.231
973,Merridie,Tansey,mtanseyr0@sina.com.cn,Male,77.30.212.15
974,Patton,Matijasevic,pmatijasevicr1@cdbaby.com,Female,189.121.168.145
975,Chad,Tureville,ctureviller2@cyberchimps.com,Female,91.128.140.94
976,Vivianna,Willis,vwillisr3@issuu.com,Female,234.190.72.67
977,Sena,Yewen,syewenr4@plala.or.jp,Male,40.251.17.51
978,Cher,McEttigen,cmcettigenr5@biblegateway.com,Female,30.191.123.15
979,Renell,Sprowson,rsprowsonr6@fastcompany.com,Female,51.118.155.14
980,Suzanne,Pacitti,spacittir7@diigo.com,Non-binary,230.118.114.100
981,Valene,Elston,velstonr8@engadget.com,Male,100.129.94.218
982,Addy,Eadie,aeadier9@imageshack.us,Female,72.61.23.43
983,Kalvin,Halsey,khalseyra@fda.gov,Female,66.46.42.39
984,Oates,Armatidge,oarmatidgerb@hatena.ne.jp,Male,159.191.115.175
985,Sile,Bertelet,sberteletrc@kickstarter.com,Female,232.92.155.167
986,Marley,Wroth,mwrothrd@yahoo.com,Male,105.133.222.230
987,Caresse,Hodcroft,chodcroftre@oakley.com,Non-binary,21.45.168.23
988,Belva,Thorley,bthorleyrf@taobao.com,Male,179.0.229.154
989,Tatiania,Corbin,tcorbinrg@yahoo.com,Male,217.96.144.131
990,Reinwald,Magister,rmagisterrh@unicef.org,Female,202.60.38.175
991,Munmro,Lembcke,mlembckeri@sbwire.com,Non-binary,214.241.8.92
992,Kimberli,Leedes,kleedesrj@blogger.com,Female,181.230.19.183
993,Creigh,Killelea,ckilleleark@blogger.com,Male,227.113.181.161
994,Dee dee,Strodder,dstrodderrl@stumbleupon.com,Male,68.129.218.219
995,Licha,Allbut,lallbutrm@jigsy.com,Male,53.31.97.191
996,Hamel,Spincks,hspincksrn@nba.com,Non-binary,149.38.160.118
997,Marlo,Minchell,mminchellro@nhs.uk,Male,166.128.27.84
998,Bobby,Maris,bmarisrp@lulu.com,Female,22.60.99.11
999,Bryn,Marland,bmarlandrq@privacy.gov.au,Male,114.49.246.46
1000,Judith,Fuzzens,jfuzzensrr@netlog.com,Male,204.179.230.73
